{"cameraMode":{"drawMode":0,"name":"Shaded","section":"Shading Mode"},"sceneLighting":false,"audioPlay":false,"sceneViewState":{"m_AlwaysRefresh":false,"showFog":true,"showSkybox":false,"showFlares":true,"showImageEffects":true,"showParticleSystems":true,"showVisualEffectGraphs":true,"m_FxEnabled":true},"in2DMode":false,"pivot":{"x":-1.7600005865097047,"y":0.2892141342163086,"z":-2.980232238769531e-7},"rotation":{"x":0.2670062482357025,"y":-0.011568312533199788,"z":0.003205925691872835,"w":0.9636021256446838},"size":0.5173554420471191,"orthographic":false}