{"cameraMode":{"drawMode":0,"name":"Shaded","section":"Shading Mode"},"sceneLighting":true,"audioPlay":false,"sceneViewState":{"m_AlwaysRefresh":false,"showFog":true,"showSkybox":true,"showFlares":true,"showImageEffects":true,"showParticleSystems":true,"showVisualEffectGraphs":true,"m_FxEnabled":true},"in2DMode":false,"pivot":{"x":-6.535645961761475,"y":-16.927942276000978,"z":14.409671783447266},"rotation":{"x":0.45113810896873476,"y":-0.2218918353319168,"z":0.11688415706157685,"w":0.8564713597297669},"size":14.973578453063965,"orthographic":false}