{"cameraMode":{"drawMode":0,"name":"Shaded","section":"Shading Mode"},"sceneLighting":true,"audioPlay":false,"sceneViewState":{"m_AlwaysRefresh":false,"showFog":true,"showSkybox":true,"showFlares":true,"showImageEffects":true,"showParticleSystems":true,"showVisualEffectGraphs":true,"m_FxEnabled":true},"in2DMode":false,"pivot":{"x":0.10009533166885376,"y":-10.599189758300782,"z":19.359846115112306},"rotation":{"x":0.2842675447463989,"y":0.02012690342962742,"z":-0.005970562342554331,"w":0.9585041403770447},"size":12.545336723327637,"orthographic":false}