{"cameraMode":{"drawMode":0,"name":"Shaded","section":"Shading Mode"},"sceneLighting":true,"audioPlay":false,"sceneViewState":{"m_AlwaysRefresh":false,"showFog":true,"showSkybox":true,"showFlares":true,"showImageEffects":true,"showParticleSystems":true,"showVisualEffectGraphs":true,"m_FxEnabled":true},"in2DMode":false,"pivot":{"x":-0.16472840309143067,"y":-11.22393798828125,"z":18.949342727661134},"rotation":{"x":0.2986448407173157,"y":0.014309966936707497,"z":-0.004479993600398302,"w":0.954235315322876},"size":12.545336723327637,"orthographic":false}