{"cameraMode":{"drawMode":0,"name":"Shaded","section":"Shading Mode"},"sceneLighting":true,"audioPlay":false,"sceneViewState":{"m_AlwaysRefresh":false,"showFog":true,"showSkybox":true,"showFlares":true,"showImageEffects":true,"showParticleSystems":true,"showVisualEffectGraphs":true,"m_FxEnabled":true},"in2DMode":false,"pivot":{"x":1.5514311790466309,"y":-11.080734252929688,"z":9.211400985717774},"rotation":{"x":-0.3434949517250061,"y":0.05686113238334656,"z":-0.020839974284172059,"w":-0.9371975064277649},"size":12.419252395629883,"orthographic":false}