{"cameraMode":{"drawMode":0,"name":"Shaded","section":"Shading Mode"},"sceneLighting":true,"audioPlay":false,"sceneViewState":{"m_AlwaysRefresh":false,"showFog":true,"showSkybox":true,"showFlares":true,"showImageEffects":true,"showParticleSystems":true,"showVisualEffectGraphs":true,"m_FxEnabled":true},"in2DMode":false,"pivot":{"x":8.602706909179688,"y":-3.0183565616607668,"z":19.18737030029297},"rotation":{"x":-0.08813095837831497,"y":-0.21140938997268678,"z":0.019145341590046884,"w":-0.9732226133346558},"size":12.419252395629883,"orthographic":false}